0;человек;{"word":"человек"}
1;время;{"word":"время"}
2;жизнь;{"word":"жизнь"}
3;работа;{"word":"работа"}
4;слово;{"word":"слово"}
5;место;{"word":"место"}
6;вопрос;{"word":"вопрос"}
7;сторона;{"word":"сторона"}
8;страна;{"word":"страна"}
9;случай;{"word":"случай"}
10;конец;{"word":"конец"}
11;система;{"word":"система"}
12;часть;{"word":"часть"}
13;город;{"word":"город"}
14;отношение;{"word":"отношение"}
15;женщина;{"word":"женщина"}
16;машина;{"word":"машина"}
17;проблема;{"word":"проблема"}
18;решение;{"word":"решение"}
19;дверь;{"word":"дверь"}
20;история;{"word":"история"}
21;власть;{"word":"власть"}
22;закон;{"word":"закон"}
23;война;{"word":"война"}
24;голос;{"word":"голос"}
25;книга;{"word":"книга"}
26;возможность;{"word":"возможность"}
27;результат;{"word":"результат"}
28;область;{"word":"область"}
29;статья;{"word":"статья"}
30;число;{"word":"число"}
31;компания;{"word":"компания"}
32;народ;{"word":"народ"}
33;группа;{"word":"группа"}
34;развитие;{"word":"развитие"}
35;процесс;{"word":"процесс"}
36;условие;{"word":"условие"}
37;средство;{"word":"средство"}
38;уровень;{"word":"уровень"}
39;форма;{"word":"форма"}
40;связь;{"word":"связь"}
41;минута;{"word":"минута"}
42;улица;{"word":"улица"}
43;вечер;{"word":"вечер"}
44;качество;{"word":"качество"}
45;дорога;{"word":"дорога"}
46;действие;{"word":"действие"}
47;государство;{"word":"государство"}
48;любовь;{"word":"любовь"}
49;взгляд;{"word":"взгляд"}
50;школа;{"word":"школа"}
51;общество;{"word":"общество"}
52;деятельность;{"word":"деятельность"}
53;организация;{"word":"организация"}
54;президент;{"word":"президент"}
55;комната;{"word":"комната"}
56;порядок;{"word":"порядок"}
57;момент;{"word":"момент"}
58;театр;{"word":"театр"}
59;письмо;{"word":"письмо"}
60;помощь;{"word":"помощь"}
61;ситуация;{"word":"ситуация"}
62;рубль;{"word":"рубль"}
63;состояние;{"word":"состояние"}
64;квартира;{"word":"квартира"}
65;внимание;{"word":"внимание"}
66;программа;{"word":"программа"}
67;задача;{"word":"задача"}
68;предприятие;{"word":"предприятие"}
69;разговор;{"word":"разговор"}
70;правительство;{"word":"правительство"}
71;семья;{"word":"семья"}
72;производство;{"word":"производство"}
73;информация;{"word":"информация"}
74;положение;{"word":"положение"}
75;центр;{"word":"центр"}
76;ответ;{"word":"ответ"}
77;интерес;{"word":"интерес"}
78;федерация;{"word":"федерация"}
79;управление;{"word":"управление"}
80;мужчина;{"word":"мужчина"}
81;совет;{"word":"совет"}
82;сердце;{"word":"сердце"}
83;движение;{"word":"движение"}
84;материал;{"word":"материал"}
85;чувство;{"word":"чувство"}
86;неделя;{"word":"неделя"}
87;наука;{"word":"наука"}
88;газета;{"word":"газета"}
89;причина;{"word":"причина"}
90;плечо;{"word":"плечо"}
91;точка;{"word":"точка"}
92;основа;{"word":"основа"}
93;товарищ;{"word":"товарищ"}
94;культура;{"word":"культура"}
95;мнение;{"word":"мнение"}
96;документ;{"word":"документ"}
97;институт;{"word":"институт"}
98;проект;{"word":"проект"}
99;встреча;{"word":"встреча"}
100;палец;{"word":"палец"}
101;служба;{"word":"служба"}
102;судьба;{"word":"судьба"}
103;девушка;{"word":"девушка"}
104;очередь;{"word":"очередь"}
105;состав;{"word":"состав"}
106;количество;{"word":"количество"}
107;объект;{"word":"объект"}
108;создание;{"word":"создание"}
109;значение;{"word":"значение"}
110;период;{"word":"период"}
111;искусство;{"word":"искусство"}
112;структура;{"word":"структура"}
113;пример;{"word":"пример"}
114;номер;{"word":"номер"}
115;исследование;{"word":"исследование"}
116;гражданин;{"word":"гражданин"}
117;начальник;{"word":"начальник"}
118;принцип;{"word":"принцип"}
119;метод;{"word":"метод"}
120;фильм;{"word":"фильм"}
121;гость;{"word":"гость"}
122;воздух;{"word":"воздух"}
123;характер;{"word":"характер"}
124;борьба;{"word":"борьба"}
125;размер;{"word":"размер"}
126;образование;{"word":"образование"}
127;мальчик;{"word":"мальчик"}
128;район;{"word":"район"}
129;кровь;{"word":"кровь"}
130;армия;{"word":"армия"}
131;класс;{"word":"класс"}
132;представитель;{"word":"представитель"}
133;участие;{"word":"участие"}
134;девочка;{"word":"девочка"}
135;герой;{"word":"герой"}
136;картина;{"word":"картина"}
137;спина;{"word":"спина"}
138;доллар;{"word":"доллар"}
139;территория;{"word":"территория"}
140;изменение;{"word":"изменение"}
141;течение;{"word":"течение"}
142;рисунок;{"word":"рисунок"}
143;направление;{"word":"направление"}
144;церковь;{"word":"церковь"}
145;сцена;{"word":"сцена"}
146;население;{"word":"население"}
147;большинство;{"word":"большинство"}
148;свобода;{"word":"свобода"}
149;память;{"word":"память"}
150;команда;{"word":"команда"}
151;договор;{"word":"договор"}
152;дерево;{"word":"дерево"}
153;хозяин;{"word":"хозяин"}
154;природа;{"word":"природа"}
155;телефон;{"word":"телефон"}
156;позиция;{"word":"позиция"}
157;писатель;{"word":"писатель"}
158;солнце;{"word":"солнце"}
159;спектакль;{"word":"спектакль"}
160;берег;{"word":"берег"}
161;фирма;{"word":"фирма"}
162;способ;{"word":"способ"}
163;руководитель;{"word":"руководитель"}
164;журнал;{"word":"журнал"}
165;специалист;{"word":"специалист"}
166;оценка;{"word":"оценка"}
167;регион;{"word":"регион"}
168;процент;{"word":"процент"}
169;песня;{"word":"песня"}
170;родитель;{"word":"родитель"}
171;требование;{"word":"требование"}
172;половина;{"word":"половина"}
173;основание;{"word":"основание"}
174;роман;{"word":"роман"}
175;анализ;{"word":"анализ"}
176;автомобиль;{"word":"автомобиль"}
177;экономика;{"word":"экономика"}
178;литература;{"word":"литература"}
179;бумага;{"word":"бумага"}
180;степень;{"word":"степень"}
181;господин;{"word":"господин"}
182;надежда;{"word":"надежда"}
183;предмет;{"word":"предмет"}
184;министр;{"word":"министр"}
185;вариант;{"word":"вариант"}
186;граница;{"word":"граница"}
187;модель;{"word":"модель"}
188;операция;{"word":"операция"}
189;название;{"word":"название"}
190;миллион;{"word":"миллион"}
191;успех;{"word":"успех"}
192;счастье;{"word":"счастье"}
193;ребята;{"word":"ребята"}
194;кабинет;{"word":"кабинет"}
195;пространство;{"word":"пространство"}
196;магазин;{"word":"магазин"}
197;знание;{"word":"знание"}
198;текст;{"word":"текст"}
199;защита;{"word":"защита"}
200;руководство;{"word":"руководство"}
201;сознание;{"word":"сознание"}
202;площадь;{"word":"площадь"}
203;возраст;{"word":"возраст"}
204;участок;{"word":"участок"}
205;участник;{"word":"участник"}
206;пункт;{"word":"пункт"}
207;линия;{"word":"линия"}
208;желание;{"word":"желание"}
209;доктор;{"word":"доктор"}
210;председатель;{"word":"председатель"}
211;художник;{"word":"художник"}
212;солдат;{"word":"солдат"}
213;представление;{"word":"представление"}
214;оружие;{"word":"оружие"}
215;соответствие;{"word":"соответствие"}
216;парень;{"word":"парень"}
217;ветер;{"word":"ветер"}
218;зрение;{"word":"зрение"}
219;генерал;{"word":"генерал"}
220;строительство;{"word":"строительство"}
221;понятие;{"word":"понятие"}
222;грудь;{"word":"грудь"}
223;услуга;{"word":"услуга"}
224;содержание;{"word":"содержание"}
225;радость;{"word":"радость"}
226;безопасность;{"word":"безопасность"}
227;продукт;{"word":"продукт"}
228;комплекс;{"word":"комплекс"}
229;бизнес;{"word":"бизнес"}
230;сотрудник;{"word":"сотрудник"}
231;технология;{"word":"технология"}
232;реформа;{"word":"реформа"}
233;отсутствие;{"word":"отсутствие"}
234;собака;{"word":"собака"}
235;камень;{"word":"камень"}
236;рассказ;{"word":"рассказ"}
237;контроль;{"word":"контроль"}
238;продукция;{"word":"продукция"}
239;сумма;{"word":"сумма"}
240;техника;{"word":"техника"}
241;здание;{"word":"здание"}
242;сфера;{"word":"сфера"}
243;необходимость;{"word":"необходимость"}
244;подготовка;{"word":"подготовка"}
245;республика;{"word":"республика"}
246;хозяйство;{"word":"хозяйство"}
247;бюджет;{"word":"бюджет"}
248;деревня;{"word":"деревня"}
249;мужик;{"word":"мужик"}
250;элемент;{"word":"элемент"}
251;обстоятельство;{"word":"обстоятельство"}
252;немец;{"word":"немец"}
253;победа;{"word":"победа"}
254;источник;{"word":"источник"}
255;звезда;{"word":"звезда"}
256;масса;{"word":"масса"}
257;сестра;{"word":"сестра"}
258;практика;{"word":"практика"}
259;проведение;{"word":"проведение"}
260;карман;{"word":"карман"}
261;слава;{"word":"слава"}
262;определение;{"word":"определение"}
263;кухня;{"word":"кухня"}
264;функция;{"word":"функция"}
265;войско;{"word":"войско"}
266;применение;{"word":"применение"}
267;комиссия;{"word":"комиссия"}
268;работник;{"word":"работник"}
269;капитан;{"word":"капитан"}
270;обеспечение;{"word":"обеспечение"}
271;офицер;{"word":"офицер"}
272;фамилия;{"word":"фамилия"}
273;предел;{"word":"предел"}
274;теория;{"word":"теория"}
275;отдел;{"word":"отдел"}
276;разработка;{"word":"разработка"}
277;личность;{"word":"личность"}
278;товар;{"word":"товар"}
279;праздник;{"word":"праздник"}
280;влияние;{"word":"влияние"}
281;читатель;{"word":"читатель"}
282;удовольствие;{"word":"удовольствие"}
283;слеза;{"word":"слеза"}
284;учитель;{"word":"учитель"}
285;ответственность;{"word":"ответственность"}
286;множество;{"word":"множество"}
287;особенность;{"word":"особенность"}
288;показатель;{"word":"показатель"}
289;корабль;{"word":"корабль"}
290;впечатление;{"word":"впечатление"}
291;частность;{"word":"частность"}
292;детство;{"word":"детство"}
293;профессор;{"word":"профессор"}
294;норма;{"word":"норма"}
295;прошлое;{"word":"прошлое"}
296;командир;{"word":"командир"}
297;коридор;{"word":"коридор"}
298;рамка;{"word":"рамка"}
299;поддержка;{"word":"поддержка"}
300;собрание;{"word":"собрание"}
301;клетка;{"word":"клетка"}
302;болезнь;{"word":"болезнь"}
303;заявление;{"word":"заявление"}
304;сравнение;{"word":"сравнение"}
305;депутат;{"word":"депутат"}
306;комитет;{"word":"комитет"}
307;режим;{"word":"режим"}
308;целое;{"word":"целое"}
309;вирус;{"word":"вирус"}
310;здоровье;{"word":"здоровье"}
311;десяток;{"word":"десяток"}
312;глубина;{"word":"глубина"}
313;студент;{"word":"студент"}
314;скорость;{"word":"скорость"}
315;секунда;{"word":"секунда"}
316;поиск;{"word":"поиск"}
317;налог;{"word":"налог"}
318;ошибка;{"word":"ошибка"}
319;доход;{"word":"доход"}
320;поверхность;{"word":"поверхность"}
321;ощущение;{"word":"ощущение"}
322;станция;{"word":"станция"}
323;карта;{"word":"карта"}
324;революция;{"word":"революция"}
325;министерство;{"word":"министерство"}
326;колено;{"word":"колено"}
327;бабушка;{"word":"бабушка"}
328;трубка;{"word":"трубка"}
329;мастер;{"word":"мастер"}
330;поведение;{"word":"поведение"}
331;столица;{"word":"столица"}
332;передача;{"word":"передача"}
333;механизм;{"word":"механизм"}
334;способность;{"word":"способность"}
335;подход;{"word":"подход"}
336;энергия;{"word":"энергия"}
337;существование;{"word":"существование"}
338;исполнение;{"word":"исполнение"}
339;сожаление;{"word":"сожаление"}
340;заместитель;{"word":"заместитель"}
341;ресурс;{"word":"ресурс"}
342;рождение;{"word":"рождение"}
343;акция;{"word":"акция"}
344;администрация;{"word":"администрация"}
345;стоимость;{"word":"стоимость"}
346;артист;{"word":"артист"}
347;фраза;{"word":"фраза"}
348;сосед;{"word":"сосед"}
349;фигура;{"word":"фигура"}
350;субъект;{"word":"субъект"}
351;фотография;{"word":"фотография"}
352;список;{"word":"список"}
353;журналист;{"word":"журналист"}
354;нарушение;{"word":"нарушение"}
355;толпа;{"word":"толпа"}
356;больница;{"word":"больница"}
357;поколение;{"word":"поколение"}
358;усилие;{"word":"усилие"}
359;схема;{"word":"схема"}
360;отличие;{"word":"отличие"}
361;остров;{"word":"остров"}
362;противник;{"word":"противник"}
363;волна;{"word":"волна"}
364;страница;{"word":"страница"}
365;реализация;{"word":"реализация"}
366;формирование;{"word":"формирование"}
367;житель;{"word":"житель"}
368;красота;{"word":"красота"}
369;птица;{"word":"птица"}
370;растение;{"word":"растение"}
371;явление;{"word":"явление"}
372;наличие;{"word":"наличие"}
373;водка;{"word":"водка"}
374;одежда;{"word":"одежда"}
375;кресло;{"word":"кресло"}
376;больной;{"word":"больной"}
377;университет;{"word":"университет"}
378;поезд;{"word":"поезд"}
379;традиция;{"word":"традиция"}
380;ладонь;{"word":"ладонь"}
381;декабрь;{"word":"декабрь"}
382;адрес;{"word":"адрес"}
383;цветок;{"word":"цветок"}
384;октябрь;{"word":"октябрь"}
385;лидер;{"word":"лидер"}
386;сентябрь;{"word":"сентябрь"}
387;занятие;{"word":"занятие"}
388;январь;{"word":"январь"}
389;помещение;{"word":"помещение"}
390;зритель;{"word":"зритель"}
391;редакция;{"word":"редакция"}
392;стиль;{"word":"стиль"}
393;весна;{"word":"весна"}
394;известие;{"word":"известие"}
395;август;{"word":"август"}
396;охрана;{"word":"охрана"}
397;зависимость;{"word":"зависимость"}
398;оборудование;{"word":"оборудование"}
399;расход;{"word":"расход"}
400;отделение;{"word":"отделение"}
401;концерт;{"word":"концерт"}
402;милиция;{"word":"милиция"}
403;переход;{"word":"переход"}
404;эпоха;{"word":"эпоха"}
405;тайна;{"word":"тайна"}
406;собственность;{"word":"собственность"}
407;родина;{"word":"родина"}
408;произведение;{"word":"произведение"}
409;запад;{"word":"запад"}
410;трава;{"word":"трава"}
411;лагерь;{"word":"лагерь"}
412;кровать;{"word":"кровать"}
413;имущество;{"word":"имущество"}
414;середина;{"word":"середина"}
415;аппарат;{"word":"аппарат"}
416;клиент;{"word":"клиент"}
417;фронт;{"word":"фронт"}
418;отрасль;{"word":"отрасль"}
419;беседа;{"word":"беседа"}
420;продажа;{"word":"продажа"}
421;законодательство;{"word":"законодательство"}
422;музей;{"word":"музей"}
423;сомнение;{"word":"сомнение"}
424;полковник;{"word":"полковник"}
425;понимание;{"word":"понимание"}
426;апрель;{"word":"апрель"}
427;князь;{"word":"князь"}
428;сутки;{"word":"сутки"}
429;кодекс;{"word":"кодекс"}
430;судья;{"word":"судья"}
431;настроение;{"word":"настроение"}
432;поток;{"word":"поток"}
433;преступление;{"word":"преступление"}
434;должность;{"word":"должность"}
435;еврей;{"word":"еврей"}
436;сотня;{"word":"сотня"}
437;дождь;{"word":"дождь"}
438;лестница;{"word":"лестница"}
439;установка;{"word":"установка"}
440;получение;{"word":"получение"}
441;труба;{"word":"труба"}
442;образец;{"word":"образец"}
443;осень;{"word":"осень"}
444;костюм;{"word":"костюм"}
445;ценность;{"word":"ценность"}
446;пьеса;{"word":"пьеса"}
447;обязанность;{"word":"обязанность"}
448;таблица;{"word":"таблица"}
449;лошадь;{"word":"лошадь"}
450;воспоминание;{"word":"воспоминание"}
451;коллега;{"word":"коллега"}
452;учреждение;{"word":"учреждение"}
453;ученик;{"word":"ученик"}
454;характеристика;{"word":"характеристика"}
455;оборона;{"word":"оборона"}
456;температура;{"word":"температура"}
457;приказ;{"word":"приказ"}
458;подруга;{"word":"подруга"}
459;перспектива;{"word":"перспектива"}
460;ресторан;{"word":"ресторан"}
461;жертва;{"word":"жертва"}
462;километр;{"word":"километр"}
463;признак;{"word":"признак"}
464;американец;{"word":"американец"}
465;заключение;{"word":"заключение"}
466;восток;{"word":"восток"}
467;исключение;{"word":"исключение"}
468;постановление;{"word":"постановление"}
469;секретарь;{"word":"секретарь"}
470;перевод;{"word":"перевод"}
471;кусок;{"word":"кусок"}
472;польза;{"word":"польза"}
473;звонок;{"word":"звонок"}
474;обстановка;{"word":"обстановка"}
475;соглашение;{"word":"соглашение"}
476;русский;{"word":"русский"}
477;деталь;{"word":"деталь"}
478;тишина;{"word":"тишина"}
479;зарплата;{"word":"зарплата"}
480;тюрьма;{"word":"тюрьма"}
481;подарок;{"word":"подарок"}
482;билет;{"word":"билет"}
483;конкурс;{"word":"конкурс"}
484;книжка;{"word":"книжка"}
485;изучение;{"word":"изучение"}
486;просьба;{"word":"просьба"}
487;публика;{"word":"публика"}
488;угроза;{"word":"угроза"}
489;сообщение;{"word":"сообщение"}
490;реклама;{"word":"реклама"}
491;назначение;{"word":"назначение"}
492;достижение;{"word":"достижение"}
493;портрет;{"word":"портрет"}
494;масло;{"word":"масло"}
495;стакан;{"word":"стакан"}
496;телевизор;{"word":"телевизор"}
497;творчество;{"word":"творчество"}
498;инструмент;{"word":"инструмент"}
499;экран;{"word":"экран"}
500;лейтенант;{"word":"лейтенант"}
501;концепция;{"word":"концепция"}
502;канал;{"word":"канал"}
503;конфликт;{"word":"конфликт"}
504;запись;{"word":"запись"}
505;вагон;{"word":"вагон"}
506;сотрудничество;{"word":"сотрудничество"}
507;последствие;{"word":"последствие"}
508;площадка;{"word":"площадка"}
509;зеркало;{"word":"зеркало"}
510;академия;{"word":"академия"}
511;потребность;{"word":"потребность"}
512;палата;{"word":"палата"}
513;ноябрь;{"word":"ноябрь"}
514;увеличение;{"word":"увеличение"}
515;поездка;{"word":"поездка"}
516;дурак;{"word":"дурак"}
517;февраль;{"word":"февраль"}
518;потеря;{"word":"потеря"}
519;устройство;{"word":"устройство"}
520;принятие;{"word":"принятие"}
521;мероприятие;{"word":"мероприятие"}
522;вещество;{"word":"вещество"}
523;сезон;{"word":"сезон"}
524;категория;{"word":"категория"}
525;издание;{"word":"издание"}
526;гостиница;{"word":"гостиница"}
527;человечество;{"word":"человечество"}
528;темнота;{"word":"темнота"}
529;объединение;{"word":"объединение"}
530;опасность;{"word":"опасность"}
531;колесо;{"word":"колесо"}
532;коллектив;{"word":"коллектив"}
533;камера;{"word":"камера"}
534;следствие;{"word":"следствие"}
535;длина;{"word":"длина"}
536;родственник;{"word":"родственник"}
537;кандидат;{"word":"кандидат"}
538;присутствие;{"word":"присутствие"}
539;давление;{"word":"давление"}
540;доска;{"word":"доска"}
541;взаимодействие;{"word":"взаимодействие"}
542;двигатель;{"word":"двигатель"}
543;достоинство;{"word":"достоинство"}
544;истина;{"word":"истина"}
545;разница;{"word":"разница"}
546;оплата;{"word":"оплата"}
547;водитель;{"word":"водитель"}
548;снижение;{"word":"снижение"}
549;пакет;{"word":"пакет"}
550;формула;{"word":"формула"}
551;капитал;{"word":"капитал"}
552;живот;{"word":"живот"}
553;эффект;{"word":"эффект"}
554;новость;{"word":"новость"}
555;губернатор;{"word":"губернатор"}
556;эксперт;{"word":"эксперт"}
557;убийство;{"word":"убийство"}
558;смена;{"word":"смена"}
559;доклад;{"word":"доклад"}
560;платье;{"word":"платье"}
561;автобус;{"word":"автобус"}
562;психология;{"word":"психология"}
563;общение;{"word":"общение"}
564;ремонт;{"word":"ремонт"}
565;процедура;{"word":"процедура"}
566;порог;{"word":"порог"}
567;обращение;{"word":"обращение"}
568;ожидание;{"word":"ожидание"}
569;памятник;{"word":"памятник"}
570;наблюдение;{"word":"наблюдение"}
571;корень;{"word":"корень"}
572;признание;{"word":"признание"}
573;доказательство;{"word":"доказательство"}
574;буква;{"word":"буква"}
575;постель;{"word":"постель"}
576;компьютер;{"word":"компьютер"}
577;владелец;{"word":"владелец"}
578;инженер;{"word":"инженер"}
579;старуха;{"word":"старуха"}
580;ракета;{"word":"ракета"}
581;лодка;{"word":"лодка"}
582;серия;{"word":"серия"}
583;шутка;{"word":"шутка"}
584;вершина;{"word":"вершина"}
585;торговля;{"word":"торговля"}
586;нефть;{"word":"нефть"}
587;цифра;{"word":"цифра"}
588;недостаток;{"word":"недостаток"}
589;корпус;{"word":"корпус"}
590;талант;{"word":"талант"}
591;сущность;{"word":"сущность"}
592;сапог;{"word":"сапог"}
593;полоса;{"word":"полоса"}
594;рассмотрение;{"word":"рассмотрение"}
595;следователь;{"word":"следователь"}
596;описание;{"word":"описание"}
597;отказ;{"word":"отказ"}
598;редактор;{"word":"редактор"}
599;забота;{"word":"забота"}
600;дворец;{"word":"дворец"}
601;эксперимент;{"word":"эксперимент"}
602;печать;{"word":"печать"}
603;кольцо;{"word":"кольцо"}
604;пистолет;{"word":"пистолет"}
605;профессия;{"word":"профессия"}
606;начальство;{"word":"начальство"}
607;воспитание;{"word":"воспитание"}
608;дружба;{"word":"дружба"}
609;окончание;{"word":"окончание"}
610;совесть;{"word":"совесть"}
611;инициатива;{"word":"инициатива"}
612;записка;{"word":"записка"}
613;величина;{"word":"величина"}
614;спорт;{"word":"спорт"}
615;кость;{"word":"кость"}
616;активность;{"word":"активность"}
617;майор;{"word":"майор"}
618;потолок;{"word":"потолок"}
619;конференция;{"word":"конференция"}
620;помощник;{"word":"помощник"}
621;библиотека;{"word":"библиотека"}
622;ручка;{"word":"ручка"}
623;конструкция;{"word":"конструкция"}
624;металл;{"word":"металл"}
625;транспорт;{"word":"транспорт"}
626;прокурор;{"word":"прокурор"}
627;молоко;{"word":"молоко"}
628;соединение;{"word":"соединение"}
629;поэзия;{"word":"поэзия"}
630;расстояние;{"word":"расстояние"}
631;краска;{"word":"краска"}
632;мечта;{"word":"мечта"}
633;подразделение;{"word":"подразделение"}
634;сюжет;{"word":"сюжет"}
635;сигнал;{"word":"сигнал"}
636;рубеж;{"word":"рубеж"}
637;крест;{"word":"крест"}
638;атмосфера;{"word":"атмосфера"}
639;сигарета;{"word":"сигарета"}
640;контакт;{"word":"контакт"}
641;премия;{"word":"премия"}
642;почва;{"word":"почва"}
643;золото;{"word":"золото"}
644;восторг;{"word":"восторг"}
645;подъезд;{"word":"подъезд"}
646;король;{"word":"король"}
647;мальчишка;{"word":"мальчишка"}
648;заказ;{"word":"заказ"}
649;автомат;{"word":"автомат"}
650;штука;{"word":"штука"}
651;чтение;{"word":"чтение"}
652;ставка;{"word":"ставка"}
653;свидетель;{"word":"свидетель"}
654;удивление;{"word":"удивление"}
655;сумка;{"word":"сумка"}
656;хвост;{"word":"хвост"}
657;поворот;{"word":"поворот"}
658;песок;{"word":"песок"}
659;статус;{"word":"статус"}
660;мгновение;{"word":"мгновение"}
661;озеро;{"word":"озеро"}
662;тенденция;{"word":"тенденция"}
663;сказка;{"word":"сказка"}
664;параметр;{"word":"параметр"}
665;масштаб;{"word":"масштаб"}
666;версия;{"word":"версия"}
667;хозяйка;{"word":"хозяйка"}
668;танец;{"word":"танец"}
669;дочка;{"word":"дочка"}
670;эксплуатация;{"word":"эксплуатация"}
671;приятель;{"word":"приятель"}
672;пенсия;{"word":"пенсия"}
673;коммунист;{"word":"коммунист"}
674;объяснение;{"word":"объяснение"}
675;философия;{"word":"философия"}
676;производитель;{"word":"производитель"}
677;набор;{"word":"набор"}
678;обязательство;{"word":"обязательство"}
679;мощность;{"word":"мощность"}
680;кризис;{"word":"кризис"}
681;горло;{"word":"горло"}
682;указание;{"word":"указание"}
683;яблоко;{"word":"яблоко"}
684;препарат;{"word":"препарат"}
685;остаток;{"word":"остаток"}
686;москвич;{"word":"москвич"}
687;действительность;{"word":"действительность"}
688;сочинение;{"word":"сочинение"}
689;сделка;{"word":"сделка"}
690;изображение;{"word":"изображение"}
691;покупатель;{"word":"покупатель"}
692;строка;{"word":"строка"}
693;затрата;{"word":"затрата"}
694;чемпионат;{"word":"чемпионат"}
695;обработка;{"word":"обработка"}
696;единица;{"word":"единица"}
697;лаборатория;{"word":"лаборатория"}
698;регистрация;{"word":"регистрация"}
699;милиционер;{"word":"милиционер"}
700;изделие;{"word":"изделие"}
701;молитва;{"word":"молитва"}
702;телевидение;{"word":"телевидение"}
703;съезд;{"word":"съезд"}
704;погода;{"word":"погода"}
705;введение;{"word":"введение"}
706;планета;{"word":"планета"}
707;корреспондент;{"word":"корреспондент"}
708;минимум;{"word":"минимум"}
709;согласие;{"word":"согласие"}
710;прокуратура;{"word":"прокуратура"}
711;гибель;{"word":"гибель"}
712;вокзал;{"word":"вокзал"}
713;стенка;{"word":"стенка"}
714;тревога;{"word":"тревога"}
715;напряжение;{"word":"напряжение"}
716;распоряжение;{"word":"распоряжение"}
717;логика;{"word":"логика"}
718;задание;{"word":"задание"}
719;распределение;{"word":"распределение"}
720;кошка;{"word":"кошка"}
721;сценарий;{"word":"сценарий"}
722;пятно;{"word":"пятно"}
723;бригада;{"word":"бригада"}
724;ограничение;{"word":"ограничение"}
725;ткань;{"word":"ткань"}
726;термин;{"word":"термин"}
727;надпись;{"word":"надпись"}
728;океан;{"word":"океан"}
729;визит;{"word":"визит"}
730;уважение;{"word":"уважение"}
731;прибор;{"word":"прибор"}
732;предприниматель;{"word":"предприниматель"}
733;пауза;{"word":"пауза"}
734;паспорт;{"word":"паспорт"}
735;ведомство;{"word":"ведомство"}
736;ствол;{"word":"ствол"}
737;поступок;{"word":"поступок"}
738;постановка;{"word":"постановка"}
739;готовность;{"word":"готовность"}
740;радио;{"word":"радио"}
741;контракт;{"word":"контракт"}
742;адвокат;{"word":"адвокат"}
743;оборот;{"word":"оборот"}
744;кампания;{"word":"кампания"}
745;академик;{"word":"академик"}
746;потребитель;{"word":"потребитель"}
747;нация;{"word":"нация"}
748;зверь;{"word":"зверь"}
749;агентство;{"word":"агентство"}
750;коробка;{"word":"коробка"}
751;метро;{"word":"метро"}
752;инвестиция;{"word":"инвестиция"}
753;дедушка;{"word":"дедушка"}
754;стихотворение;{"word":"стихотворение"}
755;публикация;{"word":"публикация"}
756;преимущество;{"word":"преимущество"}
757;десятилетие;{"word":"десятилетие"}
758;пальто;{"word":"пальто"}
759;тоска;{"word":"тоска"}
760;порода;{"word":"порода"}
761;обмен;{"word":"обмен"}
762;фестиваль;{"word":"фестиваль"}
763;стремление;{"word":"стремление"}
764;заболевание;{"word":"заболевание"}
765;забор;{"word":"забор"}
766;мороз;{"word":"мороз"}
767;мебель;{"word":"мебель"}
768;вооружение;{"word":"вооружение"}
769;перемена;{"word":"перемена"}
770;протокол;{"word":"протокол"}
771;трудность;{"word":"трудность"}
772;спрос;{"word":"спрос"}
773;грязь;{"word":"грязь"}
774;финансирование;{"word":"финансирование"}
775;стандарт;{"word":"стандарт"}
776;пассажир;{"word":"пассажир"}
777;стадия;{"word":"стадия"}
778;утверждение;{"word":"утверждение"}
779;звание;{"word":"звание"}
780;критерий;{"word":"критерий"}
781;север;{"word":"север"}
782;наказание;{"word":"наказание"}
783;учение;{"word":"учение"}
784;склад;{"word":"склад"}
785;сектор;{"word":"сектор"}
786;конституция;{"word":"конституция"}
787;распространение;{"word":"распространение"}
788;мотив;{"word":"мотив"}
789;карандаш;{"word":"карандаш"}
790;знакомство;{"word":"знакомство"}
791;арест;{"word":"арест"}
792;символ;{"word":"символ"}
793;уверенность;{"word":"уверенность"}
794;полномочие;{"word":"полномочие"}
795;отряд;{"word":"отряд"}
796;разведка;{"word":"разведка"}
797;лечение;{"word":"лечение"}
798;рубашка;{"word":"рубашка"}
799;поражение;{"word":"поражение"}
800;собор;{"word":"собор"}
801;привет;{"word":"привет"}
802;нужда;{"word":"нужда"}
803;трагедия;{"word":"трагедия"}
804;подробность;{"word":"подробность"}
805;экзамен;{"word":"экзамен"}
806;спасение;{"word":"спасение"}
807;свидетельство;{"word":"свидетельство"}
808;салон;{"word":"салон"}
809;ассоциация;{"word":"ассоциация"}
810;питание;{"word":"питание"}
811;отпуск;{"word":"отпуск"}
812;молчание;{"word":"молчание"}
813;корова;{"word":"корова"}
814;девчонка;{"word":"девчонка"}
815;оркестр;{"word":"оркестр"}
816;критика;{"word":"критика"}
817;интервью;{"word":"интервью"}
818;миллиард;{"word":"миллиард"}
819;пожар;{"word":"пожар"}
820;холод;{"word":"холод"}
821;статистика;{"word":"статистика"}
822;эпизод;{"word":"эпизод"}
823;потенциал;{"word":"потенциал"}
824;обида;{"word":"обида"}
825;совещание;{"word":"совещание"}
826;персонаж;{"word":"персонаж"}
827;ненависть;{"word":"ненависть"}
828;религия;{"word":"религия"}
829;различие;{"word":"различие"}
830;молодость;{"word":"молодость"}
831;облако;{"word":"облако"}
832;кладбище;{"word":"кладбище"}
833;вклад;{"word":"вклад"}
834;сокращение;{"word":"сокращение"}
835;рукав;{"word":"рукав"}
836;гонка;{"word":"гонка"}
837;чемодан;{"word":"чемодан"}
838;бандит;{"word":"бандит"}
839;атака;{"word":"атака"}
840;сложность;{"word":"сложность"}
841;восстановление;{"word":"восстановление"}
842;скандал;{"word":"скандал"}
843;продолжение;{"word":"продолжение"}
844;построение;{"word":"построение"}
845;игрок;{"word":"игрок"}
846;тонна;{"word":"тонна"}
847;справедливость;{"word":"справедливость"}
848;путешествие;{"word":"путешествие"}
849;происхождение;{"word":"происхождение"}
850;гарантия;{"word":"гарантия"}
851;пластинка;{"word":"пластинка"}
852;месторождение;{"word":"месторождение"}
853;вождь;{"word":"вождь"}
854;юноша;{"word":"юноша"}
855;крестьянин;{"word":"крестьянин"}
856;издательство;{"word":"издательство"}
857;покупка;{"word":"покупка"}
858;стратегия;{"word":"стратегия"}
859;падение;{"word":"падение"}
860;колонна;{"word":"колонна"}
861;доверие;{"word":"доверие"}
862;бровь;{"word":"бровь"}
863;удача;{"word":"удача"}
864;тарелка;{"word":"тарелка"}
865;деятель;{"word":"деятель"}
866;полгода;{"word":"полгода"}
867;куртка;{"word":"куртка"}
868;оператор;{"word":"оператор"}
869;единство;{"word":"единство"}
870;приход;{"word":"приход"}
871;одиночество;{"word":"одиночество"}
872;шапка;{"word":"шапка"}
873;подпись;{"word":"подпись"}
874;ложка;{"word":"ложка"}
875;цивилизация;{"word":"цивилизация"}
876;прогноз;{"word":"прогноз"}
877;колхоз;{"word":"колхоз"}
878;актриса;{"word":"актриса"}
879;платок;{"word":"платок"}
880;остановка;{"word":"остановка"}
881;методика;{"word":"методика"}
882;локоть;{"word":"локоть"}
883;концентрация;{"word":"концентрация"}
884;жалоба;{"word":"жалоба"}
885;голод;{"word":"голод"}
886;повесть;{"word":"повесть"}
887;переулок;{"word":"переулок"}
888;картошка;{"word":"картошка"}
889;глупость;{"word":"глупость"}
890;страдание;{"word":"страдание"}
891;исполнитель;{"word":"исполнитель"}
892;домик;{"word":"домик"}
893;священник;{"word":"священник"}
894;заказчик;{"word":"заказчик"}
895;ветка;{"word":"ветка"}
896;свадьба;{"word":"свадьба"}
897;мелочь;{"word":"мелочь"}
898;заведение;{"word":"заведение"}
899;справка;{"word":"справка"}
900;подушка;{"word":"подушка"}
901;умение;{"word":"умение"}
902;тариф;{"word":"тариф"}
903;обвинение;{"word":"обвинение"}
904;башня;{"word":"башня"}
905;намерение;{"word":"намерение"}
906;нагрузка;{"word":"нагрузка"}
907;лекция;{"word":"лекция"}
908;гений;{"word":"гений"}
909;подвиг;{"word":"подвиг"}
910;ботинок;{"word":"ботинок"}
911;воскресенье;{"word":"воскресенье"}
912;одеяло;{"word":"одеяло"}
913;дневник;{"word":"дневник"}
914;авиация;{"word":"авиация"}
915;протяжение;{"word":"протяжение"}
916;приговор;{"word":"приговор"}
917;сочетание;{"word":"сочетание"}
918;демократия;{"word":"демократия"}
919;диалог;{"word":"диалог"}
920;расширение;{"word":"расширение"}
921;полиция;{"word":"полиция"}
922;волнение;{"word":"волнение"}
923;столетие;{"word":"столетие"}
924;сахар;{"word":"сахар"}
925;пиджак;{"word":"пиджак"}
926;отчаяние;{"word":"отчаяние"}
927;измерение;{"word":"измерение"}
928;богатство;{"word":"богатство"}
929;точность;{"word":"точность"}
930;пользование;{"word":"пользование"}
931;полчаса;{"word":"полчаса"}
932;манера;{"word":"манера"}
933;коллекция;{"word":"коллекция"}
934;страхование;{"word":"страхование"}
935;смесь;{"word":"смесь"}
936;свидание;{"word":"свидание"}
937;бумажка;{"word":"бумажка"}
938;красавица;{"word":"красавица"}
939;империя;{"word":"империя"}
940;разум;{"word":"разум"}
941;гордость;{"word":"гордость"}
942;студия;{"word":"студия"}
943;суббота;{"word":"суббота"}
944;плита;{"word":"плита"}
945;рукопись;{"word":"рукопись"}
946;брюки;{"word":"брюки"}
947;аэропорт;{"word":"аэропорт"}
948;тренер;{"word":"тренер"}
949;историк;{"word":"историк"}
950;исследователь;{"word":"исследователь"}
951;дорожка;{"word":"дорожка"}
952;авторитет;{"word":"авторитет"}
953;окружение;{"word":"окружение"}
954;продавец;{"word":"продавец"}
955;замечание;{"word":"замечание"}
956;соотношение;{"word":"соотношение"}
957;фабрика;{"word":"фабрика"}
958;карточка;{"word":"карточка"}
959;установление;{"word":"установление"}
960;столовая;{"word":"столовая"}
961;квадрицепс;{"word":"квадрицепс"}
962;забегаловка;{"word":"забегаловка"}
963;фазенда;{"word":"фазенда"}
964;скитание;{"word":"скитание"}
965;фильдеперс;{"word":"фильдеперс"}
966;шнобель;{"word":"шнобель"}
967;хоругвь;{"word":"хоругвь"}
968;гильотина;{"word":"гильотина"}
969;виселица;{"word":"виселица"}
970;своеволие;{"word":"своеволие"}
971;прораб;{"word":"прораб"}
972;купюра;{"word":"купюра"}
973;аятолла;{"word":"аятолла"}
974;двустволка;{"word":"двустволка"}
975;альпеншток;{"word":"альпеншток"}
976;брандмейстер;{"word":"брандмейстер"}
977;валежник;{"word":"валежник"}
978;фейерверк;{"word":"фейерверк"}
979;лорнет;{"word":"лорнет"}
980;водолаз;{"word":"водолаз"}
981;игумен;{"word":"игумен"}
982;орхидея;{"word":"орхидея"}
983;блондинка;{"word":"блондинка"}
984;синекдоха;{"word":"синекдоха"}
985;першерон;{"word":"першерон"}
986;босанова;{"word":"босанова"}
987;деверь;{"word":"деверь"}
988;двуколка;{"word":"двуколка"}
989;профан;{"word":"профан"}
990;портупея;{"word":"портупея"}
991;цезура;{"word":"цезура"}
992;забияка;{"word":"забияка"}
993;глобализация;{"word":"глобализация"}
994;анфилада;{"word":"анфилада"}
995;тюльпан;{"word":"тюльпан"}
996;патронташ;{"word":"патронташ"}
997;сладкоежка;{"word":"сладкоежка"}
998;агрегат;{"word":"агрегат"}
999;развалюха;{"word":"развалюха"}
1000;передряга;{"word":"передряга"}
1001;оплошность;{"word":"оплошность"}
1002;обитель;{"word":"обитель"}
1003;грязнуля;{"word":"грязнуля"}
1004;дацан;{"word":"дацан"}
1005;доброхот;{"word":"доброхот"}
1006;джедай;{"word":"джедай"}
1007;задира;{"word":"задира"}
1008;закоулок;{"word":"закоулок"}
1009;замашка;{"word":"замашка"}
1010;слюнявчик;{"word":"слюнявчик"}
1011;канитель;{"word":"канитель"}
1012;фарватер;{"word":"фарватер"}
1013;брусок;{"word":"брусок"}
1014;самокрутка;{"word":"самокрутка"}
1015;чугунок;{"word":"чугунок"}
1016;конфета;{"word":"конфета"}
1017;вулкан;{"word":"вулкан"}
1018;василёк;{"word":"василёк"}
1019;кильватер;{"word":"кильватер"}
1020;мозоль;{"word":"мозоль"}
1021;гарпун;{"word":"гарпун"}
1022;батарея;{"word":"батарея"}
1023;хандра;{"word":"хандра"}
1024;ателье;{"word":"ателье"}
1025;гарнитура;{"word":"гарнитура"}
1026;однокашник;{"word":"однокашник"}
1027;каземат;{"word":"каземат"}
1028;крокозябра;{"word":"крокозябра"}
1029;галстук;{"word":"галстук"}
1030;самурай;{"word":"самурай"}
1031;борозда;{"word":"борозда"}
1032;обложка;{"word":"обложка"}
1033;жиголо;{"word":"жиголо"}
1034;сермяга;{"word":"сермяга"}
1035;лампада;{"word":"лампада"}
1036;конура;{"word":"конура"}
1037;краснобай;{"word":"краснобай"}
1038;птенец;{"word":"птенец"}
1039;барахло;{"word":"барахло"}
1040;недомогание;{"word":"недомогание"}
1041;пешка;{"word":"пешка"}
1042;прогалина;{"word":"прогалина"}
1043;гончар;{"word":"гончар"}
1044;смельчак;{"word":"смельчак"}
1045;снасть;{"word":"снасть"}
1046;канифоль;{"word":"канифоль"}
1047;мазанка;{"word":"мазанка"}
1048;госпиталь;{"word":"госпиталь"}
1049;предтеча;{"word":"предтеча"}
1050;апатия;{"word":"апатия"}
1051;ряженка;{"word":"ряженка"}
1052;враньё;{"word":"враньё"}
1053;бренди;{"word":"бренди"}
1054;амвон;{"word":"амвон"}
1055;всполох;{"word":"всполох"}
1056;бутоньерка;{"word":"бутоньерка"}
1057;неурядица;{"word":"неурядица"}
1058;распря;{"word":"распря"}
1059;стеклярус;{"word":"стеклярус"}
1060;балаган;{"word":"балаган"}
1061;лацкан;{"word":"лацкан"}
1062;непоседа;{"word":"непоседа"}
1063;кирасир;{"word":"кирасир"}
1064;беглянка;{"word":"беглянка"}
1065;спаржа;{"word":"спаржа"}
1066;чертополох;{"word":"чертополох"}
1067;домочадец;{"word":"домочадец"}
1068;груда;{"word":"груда"}
1069;цитадель;{"word":"цитадель"}
1070;автопилот;{"word":"автопилот"}
1071;пропеллер;{"word":"пропеллер"}
1072;аэродром;{"word":"аэродром"}
1073;нахал;{"word":"нахал"}
1074;чревоугодие;{"word":"чревоугодие"}
1075;экзальтация;{"word":"экзальтация"}
1076;генератор;{"word":"генератор"}
1077;халтура;{"word":"халтура"}
1078;крендель;{"word":"крендель"}
1079;синоним;{"word":"синоним"}
1080;моцион;{"word":"моцион"}
1081;картуз;{"word":"картуз"}
1082;патина;{"word":"патина"}
1083;циновка;{"word":"циновка"}
1084;алхимия;{"word":"алхимия"}
1085;сельва;{"word":"сельва"}
1086;кутерьма;{"word":"кутерьма"}
1087;дезабилье;{"word":"дезабилье"}
1088;кефир;{"word":"кефир"}
1089;виноград;{"word":"виноград"}
1090;скрипка;{"word":"скрипка"}
1091;круговерть;{"word":"круговерть"}
1092;похмелье;{"word":"похмелье"}
1093;снежинка;{"word":"снежинка"}
1094;паства;{"word":"паства"}
1095;лебедь;{"word":"лебедь"}
1096;веретено;{"word":"веретено"}
1097;лапушка;{"word":"лапушка"}
1098;диаспора;{"word":"диаспора"}
1099;автолавка;{"word":"автолавка"}
1100;толчея;{"word":"толчея"}
1101;баклага;{"word":"баклага"}
1102;клякса;{"word":"клякса"}
1103;пилон;{"word":"пилон"}
1104;хлястик;{"word":"хлястик"}
1105;нищета;{"word":"нищета"}
1106;изразец;{"word":"изразец"}
1107;кафтан;{"word":"кафтан"}
1108;баланда;{"word":"баланда"}
1109;сарацин;{"word":"сарацин"}
1110;сарафан;{"word":"сарафан"}
1111;треволнение;{"word":"треволнение"}
1112;тушёнка;{"word":"тушёнка"}
1113;чистюля;{"word":"чистюля"}
1114;физиология;{"word":"физиология"}
1115;заваруха;{"word":"заваруха"}
1116;мухобойка;{"word":"мухобойка"}
1117;супостат;{"word":"супостат"}
1118;пристрастие;{"word":"пристрастие"}
1119;распашонка;{"word":"распашонка"}
1120;квартал;{"word":"квартал"}
1121;ромашка;{"word":"ромашка"}
1122;абонемент;{"word":"абонемент"}
1123;удобрение;{"word":"удобрение"}
1124;подземелье;{"word":"подземелье"}
1125;шиповник;{"word":"шиповник"}
1126;аэростат;{"word":"аэростат"}
1127;иллюминация;{"word":"иллюминация"}
1128;декларация;{"word":"декларация"}
1129;диагноз;{"word":"диагноз"}
1130;заработок;{"word":"заработок"}
1131;железо;{"word":"железо"}
1132;килограмм;{"word":"килограмм"}
1133;испарение;{"word":"испарение"}
1134;кишечник;{"word":"кишечник"}
1135;кастаньета;{"word":"кастаньета"}
1136;баптизм;{"word":"баптизм"}
1137;листопад;{"word":"листопад"}
1138;сверстник;{"word":"сверстник"}
1139;спутник;{"word":"спутник"}
1140;манекен;{"word":"манекен"}
1141;спецназ;{"word":"спецназ"}
1142;подсолнух;{"word":"подсолнух"}
1143;конвейер;{"word":"конвейер"}
1144;эволюция;{"word":"эволюция"}
1145;разрушение;{"word":"разрушение"}
1146;позвоночник;{"word":"позвоночник"}
1147;кружево;{"word":"кружево"}
1148;рабство;{"word":"рабство"}
1149;ресница;{"word":"ресница"}
1150;граната;{"word":"граната"}
1151;экватор;{"word":"экватор"}
1152;черепок;{"word":"черепок"}
1153;прожилка;{"word":"прожилка"}
1154;отжимание;{"word":"отжимание"}
1155;ридикюль;{"word":"ридикюль"}
1156;хулиган;{"word":"хулиган"}
1157;кофемолка;{"word":"кофемолка"}
1158;картофель;{"word":"картофель"}
1159;мимоза;{"word":"мимоза"}
1160;кольчуга;{"word":"кольчуга"}
1161;нарцисс;{"word":"нарцисс"}
1162;штиблета;{"word":"штиблета"}
1163;гребень;{"word":"гребень"}
1164;подкова;{"word":"подкова"}
1165;расставание;{"word":"расставание"}
1166;церемония;{"word":"церемония"}
1167;лопата;{"word":"лопата"}
1168;балюстрада;{"word":"балюстрада"}
1169;причёска;{"word":"причёска"}
1170;амфибия;{"word":"амфибия"}
1171;сомбреро;{"word":"сомбреро"}
1172;дождевик;{"word":"дождевик"}
1173;горностай;{"word":"горностай"}
1174;киноварь;{"word":"киноварь"}
1175;сапожник;{"word":"сапожник"}
1176;равновесие;{"word":"равновесие"}
1177;механик;{"word":"механик"}
1178;скакалка;{"word":"скакалка"}
1179;шампанское;{"word":"шампанское"}
1180;фотограф;{"word":"фотограф"}
1181;галантерея;{"word":"галантерея"}
1182;демонстрация;{"word":"демонстрация"}
1183;коленвал;{"word":"коленвал"}
1184;дурень;{"word":"дурень"}
1185;подмастерье;{"word":"подмастерье"}
1186;черепаха;{"word":"черепаха"}
1187;брусника;{"word":"брусника"}
1188;антенна;{"word":"антенна"}
1189;спряжение;{"word":"спряжение"}
1190;медицина;{"word":"медицина"}
1191;хрусталик;{"word":"хрусталик"}
1192;фундамент;{"word":"фундамент"}
1193;протоплазма;{"word":"протоплазма"}
1194;варенье;{"word":"варенье"}
1195;грабитель;{"word":"грабитель"}
1196;оргстекло;{"word":"оргстекло"}
1197;консьерж;{"word":"консьерж"}
1198;королевич;{"word":"королевич"}
1199;гектар;{"word":"гектар"}
1200;вакханалия;{"word":"вакханалия"}
1201;генеалогия;{"word":"генеалогия"}
1202;шансон;{"word":"шансон"}
1203;шарманщик;{"word":"шарманщик"}
1204;тарзанка;{"word":"тарзанка"}
1205;лежбище;{"word":"лежбище"}
1206;телепат;{"word":"телепат"}
1207;ласточка;{"word":"ласточка"}
1208;скатерть;{"word":"скатерть"}
1209;взятка;{"word":"взятка"}
1210;пограничник;{"word":"пограничник"}
1211;мигрень;{"word":"мигрень"}
1212;валторна;{"word":"валторна"}
1213;дворецкий;{"word":"дворецкий"}
1214;сатирик;{"word":"сатирик"}
1215;электровоз;{"word":"электровоз"}
1216;буддизм;{"word":"буддизм"}
1217;отвага;{"word":"отвага"}
1218;постамент;{"word":"постамент"}
1219;южанин;{"word":"южанин"}
1220;шелкография;{"word":"шелкография"}
1221;влечение;{"word":"влечение"}
1222;миниатюра;{"word":"миниатюра"}
1223;маракуйя;{"word":"маракуйя"}
1224;фортепиано;{"word":"фортепиано"}
1225;англоман;{"word":"англоман"}
1226;хардкор;{"word":"хардкор"}
1227;мамлюк;{"word":"мамлюк"}
1228;теннисист;{"word":"теннисист"}
1229;хореограф;{"word":"хореограф"}
1230;церковник;{"word":"церковник"}
1231;попаданец;{"word":"попаданец"}
1232;целитель;{"word":"целитель"}
1233;чернослив;{"word":"чернослив"}
1234;самомнение;{"word":"самомнение"}
1235;баранка;{"word":"баранка"}
1236;павиан;{"word":"павиан"}
1237;скорлупа;{"word":"скорлупа"}
1238;стремя;{"word":"стремя"}
1239;проклятие;{"word":"проклятие"}